,Occupation,Percentage of Women in Field,Percentage of Men's Earnings Estimate
0,Total,43.05508429,80.2
1,"Management, Business, Science, and Arts Occupations",49.00455809,72.3
2,"Management, Business, and Financial Occupations",43.49613437,75.5
3,Management Occupations,38.78448224,76.1
4,Chief executives,23.81072737,73.39342915
5,General and operations managers,29.48351629,74.63473494
6,Legislators,46.79220965,94.87602814
7,Advertising and promotions managers,58.71243837,76.8562957
8,Marketing and sales managers,44.89535931,68.98449125
9,Public relations and fundraising managers,67.32262671,89.57817559
10,Administrative services managers,39.49322368,86.2282914
11,Computer and information systems managers,26.82564051,89.00671253
12,Financial managers,52.57819096,61.77702602
13,Compensation and benefits managers,75.08492445,
14,Human resources managers,61.07307357,90.80722409
15,Training and development managers,52.04363491,78.51004952
16,Industrial production managers,20.00880765,90.69529652
17,Purchasing managers,47.89385120000001,85.07538848
18,"Transportation, storage, and distribution managers",18.00901281,104.7364196
19,"Farmers, ranchers, and other agricultural managers",11.22276833,72.06684048
20,Construction managers,7.836197122000001,86.52565119
21,Education administrators,62.28926068,80.25503857
22,Architectural and engineering managers,8.877717316,99.96546431
23,Food service managers,44.90802932,74.78932419
24,Funeral service managers,27.21088435,
25,Gaming managers,34.55450023,93.30792037
26,Lodging managers,52.68760226,79.85956632
27,Medical and health services managers,70.98456187,76.57110788
28,Natural sciences managers,52.7573119,68.65503457
29,Postmasters and mail superintendents,45.58648016,93.5691496
30,"Property, real estate, and community association managers",49.09554251,75.09264204
31,Social and community service managers,69.27555701,76.6859683
32,Emergency management directors,22.46714129,
33,"Managers, all other",34.22114819,80.10520095
34,Business and Financial Operations Occupations,54.02943312,76.9
35,"Agents and business managers of artists, performers, and athletes",48.02171761,91.74558994
36,"Buyers and purchasing agents, farm products",28.36433611,
37,"Wholesale and retail buyers, except farm products",49.17602648,100.0600788
38,"Purchasing agents, except wholesale, retail, and farm products",51.75333147,84.68508763
39,"Claims adjusters, appraisers, examiners, and investigators",61.07719941,82.22222222
40,Compliance officers,52.63669459,88.22171532
41,Cost estimators,14.0728315,75.60519717
42,Human resources workers,72.20879317,82.77871469
43,"Compensation, benefits, and job analysis specialists",77.63349869,81.92920523
44,Training and development specialists,54.82242168,80.29143452
45,Logisticians,33.97654439,90.92390419
46,Management analysts,41.36967931,83.73240904
47,"Meeting, convention, and event planners",74.97016056,110.5127665
48,Fundraisers,69.80358992,83.2689866
49,Market research analysts and marketing specialists,56.26983055,77.99672985
50,"Business operations specialists, all other",53.21386751,71.90264881
51,Accountants and auditors,59.69159344,75.35893024
52,Appraisers and assessors of real estate,31.59316054,80.72650807
53,Budget analysts,61.98302287,91.45346755
54,Credit analysts,52.28185884,87.86568694
55,Financial analysts,39.56456611,78.78179887
56,Personal financial advisors,29.321228,68.36196548
57,Insurance underwriters,62.37142799,76.93932333
58,Financial examiners,47.15770996,82.46233218
59,Credit counselors and loan officers,54.80903662,65.6247555
60,"Tax examiners and collectors, and revenue agents",62.49321854,81.66791154
61,Tax preparers,57.18029824,68.59995144
62,"Financial specialists, all other",51.79598458,59.60550695
63,"Computer, Engineering, and Science Occupations",23.78071871,85.1
64,Computer and Mathematical Occupations,24.67809303,84.8
65,Computer and information research scientists,19.52334512,
66,Computer systems analysts,40.43539843,84.99506996
67,Information security analysts,19.24483317,91.91546281
68,Computer programmers,20.83009457,92.4928788
69,"Software developers, applications and systems software",18.29849172,87.04508233
70,Web developers,32.913914,84.41712691
71,Computer support specialists,24.35716375,87.30348061
72,Database administrators,37.43197928,67.03985719
73,Network and computer systems administrators,18.35376223,92.29731895
74,Computer network architects,6.856749074,102.392915
75,"Computer occupations, all other",21.82717576,93.54398695
76,Actuaries,29.47969996,73.72574025
77,Mathematicians,19.64285714,
78,Operations research analysts,49.67831859,88.42417544
79,Statisticians,44.36158335,97.10364744
80,Miscellaneous mathematical science occupations,46.85958566,
81,Architecture and Engineering Occupations,14.04162996,86.5
82,"Architects, except naval",23.87159829,76.18254702
83,"Surveyors, cartographers, and photogrammetrists",17.53618433,
84,Aerospace engineers,10.7388914,88.33126867
85,Agricultural engineers,8.350202429,
86,Biomedical engineers,15.48352325,
87,Chemical engineers,19.24167993,82.79082125
88,Civil engineers,12.63926535,84.12203815
89,Computer hardware engineers,12.122952,
90,Electrical and electronics engineers,7.880717884,82.44007214
91,Environmental engineers,27.60961092,92.33140844
92,"Industrial engineers, including health and safety",20.86104076,94.11362761
93,Marine engineers and naval architects,10.52829833,
94,Materials engineers,8.442944502000001,
95,Mechanical engineers,6.963950501,99.40499426
96,"Mining and geological engineers, including mining safety engineers",13.47775176,
97,Nuclear engineers,16.60388293,
98,Petroleum engineers,14.503109699999998,
99,"Engineers, all other",12.71001257,89.75990926
100,Drafters,16.40041713,92.76662369
101,"Engineering technicians, except drafters",17.62467109,83.13827779
102,Surveying and mapping technicians,6.712177055,
103,"Life, Physical, and Social Science Occupations",43.74649395,86.4
104,Agricultural and food scientists,35.71191503,90.59941316
105,Biological scientists,44.87413801,87.30229416
106,Conservation scientists and foresters,22.75294763,
107,Medical scientists,53.10767911,88.05844582
108,"Life scientists, all other",40.06316812,
109,Astronomers and physicists,22.38639814,
110,Atmospheric and space scientists,14.22735877,
111,Chemists and materials scientists,36.36576088,84.08256333
112,Environmental scientists and geoscientists,32.49066179,76.07941573
113,"Physical scientists, all other",40.11631536,75.64555742
114,Economists,30.27084196,93.01343329
115,Survey researchers,70.88781831,
116,Psychologists,69.06889168,76.31863643
117,Urban and regional planners,40.63548995,87.50569446
118,"Miscellaneous social scientists and related workers, including sociologists",46.92477334,84.60158624
119,Agricultural and food science technicians,40.13300564,84.66487381
120,Biological technicians,48.19314258,88.71373403
121,Chemical technicians,28.63890309,88.49138402
122,Geological and petroleum technicians,22.84805999,
123,Nuclear technicians,8.391608392,
124,Social science research assistants,87.28961114,
125,"Miscellaneous life, physical, and social science technicians",45.59824559,91.816517
126,"Education, Legal, Community Service, Arts, and Media Occupations",62.28830072,78.5
127,Community and Social Service Occupations,64.06638889999999,93.4
128,Counselors,72.21362056,97.25145314
129,Social workers,80.97180882,99.17728415
130,Probation officers and correctional treatment specialists,53.66185113,99.71205265
131,Social and human service assistants,77.58889177,94.90863935
132,"Miscellaneous community and social service specialists, including health educators and community health workers",66.00534684,86.15340944
133,Clergy,16.06790935,89.82109675
134,"Directors, religious activities and education",55.10534487,78.66153105
135,"Religious workers, all other",53.347663600000004,86.51130509
136,Legal Occupations,51.43288224,53.4
137,Lawyers,36.18699837,75.33206413
138,Judicial law clerks,66.19199845,
139,"Judges, magistrates, and other judicial workers",43.65605357,64.60890214
140,Paralegals and legal assistants,86.42159646,95.68071873
141,Miscellaneous legal support workers,73.07153541,69.92280955
142,"Education, Training, and Library Occupations",71.07697192,81.6
143,Postsecondary teachers,46.57166036,82.12257502
144,Preschool and kindergarten teachers,98.01134607,85.9769088
145,Elementary and middle school teachers,77.86190636,94.20860328
146,Secondary school teachers,56.89473841,92.4874552
147,Special education teachers,85.60436721,97.49764779
148,Other teachers and instructors,53.08254436,78.8195727
149,"Archivists, curators, and museum technicians",61.69608384,85.73104949
150,Librarians,79.80638882,87.42257725
151,Library technicians,80.3706306,
152,Teacher assistants,87.32984318,71.12963976
153,"Other education, training, and library workers",70.94127285,86.66711423
154,"Arts, Design, Entertainment, Sports, and Media Occupations",43.20383382,87.1
155,Artists and related workers,37.16155735,71.45870832
156,Designers,47.76605472,77.48146914
157,Actors,42.77196145,
158,Producers and directors,36.23390356,87.22774075
159,"Athletes, coaches, umpires, and related workers",26.01109267,83.96402995
160,Dancers and choreographers,77.60829774,
161,"Musicians, singers, and related workers",22.31839351,97.29775294
162,"Entertainers and performers, sports and related workers, all other",35.94542974,
163,Announcers,23.98669318,
164,"News analysts, reporters and correspondents",44.10684941,86.27709256
165,Public relations specialists,65.3467259,79.81093418
166,Editors,48.86232225,90.31128067
167,Technical writers,58.20945946,95.03929539
168,Writers and authors,56.6196544,90.1524154
169,Miscellaneous media and communication workers,61.28608195,86.53377584
170,"Miscellaneous media and communications equipment workers, including broadcast and sound engineering technicians and radio operators",6.284778126,
171,Photographers,39.87466982,75.72138098
172,"Television, video, and motion picture camera operators and editors",18.07535372,
173,Healthcare Practitioners and Technical Occupations,72.45510178,72.1
174,Chiropractors,22.22412109,66.4333726
175,Dentists,29.25804446,72.71141616
176,Dietitians and nutritionists,88.55490676,105.1582032
177,Optometrists,33.34193263,80.48514212
178,Pharmacists,54.56222486,96.82062263
179,Physicians and surgeons,34.11902075,71.8987123
180,Physician assistants,63.33894604,89.93579469
181,Podiatrists,15.64089939,
182,Audiologists,80.47342564,
183,Occupational therapists,86.38954771,86.65165648
184,Physical therapists,62.98481567,87.55828019
185,Radiation therapists,67.64387605,
186,Recreational therapists,69.76377953,
187,Respiratory therapists,59.47028494,85.80776762
188,Speech-language pathologists,94.66967053,
189,"Miscellaneous therapists, including exercise physiologists",76.57634257,93.7799318
190,Veterinarians,59.09843914,79.35380518
191,Registered nurses,87.87275733,90.78391025
192,Nurse anesthetists,58.32476288,85.70839243
193,Nurse midwives,100.0,
194,Nurse practitioners,87.83809376,90.01169801
195,"Health diagnosing and treating practitioners, all other",58.81332931,
196,Clinical laboratory technologists and technicians,71.91472533,91.92361872
197,Dental hygienists,93.22358667,
198,Diagnostic related technologists and technicians,66.43484404,86.67596035
199,Emergency medical technicians and paramedics,31.69709829,86.2637956
200,Health practitioner support technologists and technicians,77.57094191,88.91751863
201,Licensed practical and licensed vocational nurses,87.13565637,94.09853685
202,Medical records and health information technicians,89.92731049,103.2143625
203,"Opticians, dispensing",70.96307323,69.25447434
204,Miscellaneous health technologists and technicians,61.96531554,71.28213154
205,Other healthcare practitioners and technical occupations,43.94332695,84.87283759
206,Service Occupations,49.83588853,77.4
207,Healthcare Support Occupations,85.46135712,87.9
208,"Nursing, psychiatric, and home health aides",86.10501174,87.13012236
209,Occupational therapy assistants and aides,84.23299566,
210,Physical therapist assistants and aides,67.30824379,87.24726566
211,Massage therapists,75.36947993,99.69513184
212,Dental assistants,92.20267334,96.6802147
213,Medical assistants,90.77065706,94.81033569
214,Medical transcriptionists,92.14455956,
215,Pharmacy aides,76.57399269,
216,Veterinary assistants and laboratory animal caretakers,77.29932962,70.68814963
217,Phlebotomists,84.76578609,100.759903
218,"Healthcare support workers, all other, including medical equipment preparers",67.74625012,89.87803345
219,Protective Service Occupations,19.09116012,79.5
220,First-line supervisors of correctional officers,28.20480518,90.69220869
221,First-line supervisors of police and detectives,15.35057557,86.55724362
222,First-line supervisors of fire fighting and prevention workers,3.8005384839999996,
223,"First-line supervisors of protective service workers, all other",25.28426587,117.3957819
224,Firefighters,4.463457492,75.60570763
225,Fire inspectors,10.91437769,
226,"Bailiffs, correctional officers, and jailers",26.053177899999998,84.74417615
227,Detectives and criminal investigators,23.93571308,76.08457534
228,Fish and game wardens,18.99915182,
229,Parking enforcement workers,50.76109937,
230,Police and sheriff patrol officers,12.96900904,88.5942709
231,Transit and railroad police,0.0,
232,Animal control workers,41.68418945,
233,Private detectives and investigators,44.60181531,81.17564388
234,Security guards and gaming surveillance officers,21.97131754,94.02747038
235,Crossing guards,41.90905744,
236,Transportation security screeners,31.86793469,94.2059637
237,"Lifeguards and other recreational, and all other protective service workers",36.53277477,58.11972879
238,Food Preparation and Serving Related Occupations,46.22340898,85.1
239,Chefs and head cooks,20.20635566,85.76612903
240,First-line supervisors of food preparation and serving workers,53.57147220000001,77.48255049
241,Cooks,35.51109417,90.0110742
242,Food preparation workers,55.17411962,93.14106466
243,Bartenders,49.25213911,83.18253029
244,"Combined food preparation and serving workers, including fast food",63.16351423,98.26804323
245,"Counter attendants, cafeteria, food concession, and coffee shop",62.95702571,79.49737263
246,Waiters and waitresses,64.14015123,81.92612647
247,"Food servers, nonrestaurant",62.25700381,83.77060515
248,Dining room and cafeteria attendants and bartender helpers,38.44761382,83.88792374
249,Dishwashers,16.92380082,98.49858928
250,"Hosts and hostesses, restaurant, lounge, and coffee shop",84.14684390000001,
251,"Food preparation and serving related workers, all other",38.94375268,
252,Building and Grounds Cleaning and Maintenance Occupations,33.69467013,73
253,First-line supervisors of housekeeping and janitorial workers,32.23158599,70.38562793
254,"First-line supervisors of landscaping, lawn service, and groundskeeping workers",5.7214800310000005,88.74282631
255,Janitors and building cleaners,26.82988055,74.90702682
256,Maids and housekeeping cleaners,83.77336474,81.43322476
257,Pest control workers,4.480404625,
258,Grounds maintenance workers,4.954093438999999,88.79944268
259,Personal Care and Service Occupations,75.10386642,75.6
260,First-line supervisors of gaming workers,39.32985297,81.43925122
261,First-line supervisors of personal service workers,65.44207955,73.7936029
262,Animal trainers,51.75357081,77.8637136
263,Nonfarm animal caretakers,71.36740479999999,78.73095941
264,Gaming services workers,44.17026228,87.54406009
265,Motion picture projectionists,18.26554106,
266,"Ushers, lobby attendants, and ticket takers",40.79250499,
267,Miscellaneous entertainment attendants and related workers,45.1760729,80.04230797
268,Embalmers and funeral attendants,19.55927052,
269,"Morticians, undertakers, and funeral directors",26.44276408,80.89372398
270,Barbers,17.83950976,80.5281155
271,"Hairdressers, hairstylists, and cosmetologists",88.33359775,81.12401506
272,Miscellaneous personal appearance workers,83.03353245,86.4205494
273,"Baggage porters, bellhops, and concierges",21.05873005,80.84294614
274,Tour and travel guides,36.97403286,
275,Childcare workers,93.76838882,83.76243879
276,Personal care aides,80.86699820000001,85.70157797
277,Recreation and fitness workers,56.9596683,86.40228245
278,Residential advisors,61.59012051,92.55904989
279,"Personal care and service workers, all other",49.39061589,91.65684397
280,Sales and Office Occupations,58.14893321,76.2
281,Sales and Related Occupations,41.42816705,66.1
282,First-line supervisors of retail sales workers,42.57762052,72.88695164
283,First-line supervisors of non-retail sales workers,30.33249038,86.25619124
284,Cashiers,71.24030278,91.38446437
285,Counter and rental clerks,41.60879188,71.79658562
286,Parts salespersons,9.472987776,83.52680283
287,Retail salespersons,38.96687447,66.75889919
288,Advertising sales agents,50.90481105,84.81458525
289,Insurance sales agents,47.44035173,67.8010639
290,"Securities, commodities, and financial services sales agents",28.41499657,50.87497401
291,Travel agents,77.53552033,88.16191281
292,"Sales representatives, services, all other",31.07881582,78.42579422
293,"Sales representatives, wholesale and manufacturing",25.73909411,76.74415304
294,"Models, demonstrators, and product promoters",62.7820711,
295,Real estate brokers and sales agents,51.65984247,72.88238002
296,Sales engineers,7.340502997000001,
297,Telemarketers,60.42373286,92.53461992
298,"Door-to-door sales workers, news and street vendors, and related workers",48.11261689,72.71366858
299,"Sales and related workers, all other",43.41394169,79.79497894
300,Office and Administrative Support Occupations,70.66391034,88.8
301,First-line supervisors of office and administrative support workers,59.58284664,81.63134916
302,"Switchboard operators, including answering service",79.63234465,
303,Telephone operators,71.49369149,
304,"Communications equipment operators, all other",59.55601294,
305,Bill and account collectors,70.85986487,88.65607312
306,Billing and posting clerks,88.43168525,86.39911653
307,"Bookkeeping, accounting, and auditing clerks",87.23133915,92.03103801
308,Gaming cage workers,66.50567811,
309,Payroll and timekeeping clerks,87.32716784,83.32383124
310,Procurement clerks,54.47264371,84.61893004
311,Tellers,86.47743242,98.82657269
312,"Financial clerks, all other",53.39113492,56.25023427
313,Brokerage clerks,65.625,
314,Correspondence clerks,59.15923567,
315,"Court, municipal, and license clerks",79.23928992,81.97998508
316,"Credit authorizers, checkers, and clerks",72.63812021,77.43379912
317,Customer service representatives,64.96891678,87.34759417
318,"Eligibility interviewers, government programs",80.34558115,83.14046572
319,File clerks,77.62713591,90.81565712
320,"Hotel, motel, and resort desk clerks",67.15029415,88.68382111
321,"Interviewers, except eligibility and loan",83.22974137,76.98404908
322,"Library assistants, clerical",83.10450156,
323,Loan interviewers and clerks,81.07981937,91.21906793
324,New accounts clerks,72.32305688,
325,Order clerks,51.88804564,88.49633043
326,"Human resources assistants, except payroll and timekeeping",84.29184131,91.18739502
327,Receptionists and information clerks,90.44484024,96.15306605
328,Reservation and transportation ticket agents and travel clerks,57.43628875,87.93554111
329,"Information and record clerks, all other",76.09807364,87.53969782
330,Cargo and freight agents,33.57300885,
331,Couriers and messengers,15.881370800000001,80.27471007
332,Dispatchers,53.65789281,85.68741369
333,"Meter readers, utilities",11.85481039,
334,Postal service clerks,50.13332244,95.02675705
335,Postal service mail carriers,36.16392463,91.3962096
336,"Postal service mail sorters, processors, and processing machine operators",50.14200063,91.34689076
337,"Production, planning, and expediting clerks",57.27609241,65.80816333
338,"Shipping, receiving, and traffic clerks",28.83034906,90.53532788
339,Stock clerks and order fillers,33.46268591,97.46401895
340,"Weighers, measurers, checkers, and samplers, recordkeeping",47.4801744,84.30327653
341,Secretaries and administrative assistants,94.66722896,87.07410813
342,Computer operators,44.99008531,74.33367203
343,Data entry keyers,76.57353365,91.38376751
344,Word processors and typists,84.06549078,88.41290121
345,Desktop publishers,37.86270347,
346,Insurance claims and policy processing clerks,80.50911328,90.04672097
347,"Mail clerks and mail machine operators, except postal service",47.89809155,84.91361677
348,"Office clerks, general",82.75824363,83.97141783
349,"Office machine operators, except computer",62.94998286,76.77092047
350,Proofreaders and copy markers,65.00899722,
351,Statistical assistants,55.00885652,91.8500345
352,"Office and administrative support workers, all other",75.21003639,86.56777472
353,"Natural Resources, Construction, and Maintenance Occupations",3.8032126789999996,75
354,"Farming, Fishing, and Forestry Occupations",17.11384285,75.1
355,"First-line supervisors of farming, fishing, and forestry workers",12.89930147,74.55503346
356,Agricultural inspectors,43.52062868,111.606383
357,Animal breeders,30.911854100000003,
358,"Graders and sorters, agricultural products",65.0274223,90.56496929
359,Miscellaneous agricultural workers,15.23473605,77.25723375
360,Fishing and hunting workers,4.39862543,
361,Forest and conservation workers,14.72923453,
362,Logging workers,3.937382533,
363,Construction and Extraction Occupations,2.612060359,87.6
364,First-line supervisors of construction trades and extraction workers,3.080350353,75.10848782
365,Boilermakers,0.972992634,
366,"Brickmasons, blockmasons, and stonemasons",0.43340894399999996,
367,Carpenters,1.9236648999999997,86.88141923
368,"Carpet, floor, and tile installers and finishers",1.928760305,
369,"Cement masons, concrete finishers, and terrazzo workers",0.324083994,
370,Construction laborers,2.532487561,94.30061464
371,"Paving, surfacing, and tamping equipment operators",4.558784323999999,
372,"Operating engineers and other construction equipment operators, including pile-driver operators",2.4380553480000002,107.8390879
373,"Drywall installers, ceiling tile installers, and tapers",2.055843784,
374,Electricians,1.980485305,97.64666888
375,Glaziers,0.400839341,
376,Insulation workers,3.2289477730000002,
377,"Painters, construction and maintenance",4.627479802,92.76264591
378,Paperhangers,29.85915493,
379,"Pipelayers, plumbers, pipefitters, and steamfitters",1.5635681719999999,96.76699401
380,Plasterers and stucco masons,1.302013423,
381,Reinforcing iron and rebar workers,0.0,
382,Roofers,1.0811565859999999,
383,Sheet metal workers,4.165133865,
384,Structural iron and steel workers,2.253021545,
385,"Helpers, construction trades",4.69971908,
386,Construction and building inspectors,11.56079395,86.745045
387,Elevator installers and repairers,2.01559316,
388,Fence erectors,3.806668484,
389,Hazardous materials removal workers,16.97044022,
390,Highway maintenance workers,3.33629735,
391,Rail-track laying and maintenance equipment operators,2.934472934,
392,Septic tank servicers and sewer pipe cleaners,1.902887139,
393,"Miscellaneous construction and related workers, including solar photovoltaic installers",4.60650881,
394,"Derrick, rotary drill, and service unit operators, oil, gas, and mining",0.575631596,
395,"Earth drillers, except oil and gas",0.857703834,
396,"Explosives workers, ordnance handling experts, and blasters",9.43069559,
397,Mining machine operators,0.805284984,
398,"Roof bolters, mining",0.0,
399,"Roustabouts, oil and gas",0.873544093,
400,Helpers--extraction workers,0.0,
401,Other extraction workers,3.435266612,
402,"Installation, Maintenance, and Repair Occupations",3.3534158689999995,88.6
403,"First-line supervisors of mechanics, installers, and repairers",6.897099107000001,86.24964965
404,"Computer, automated teller, and office machine repairers",10.74502208,100.0320667
405,Radio and telecommunications equipment installers and repairers,8.981217738,82.19245469
406,Avionics technicians,8.802643605,
407,"Electric motor, power tool, and related repairers",4.560277447,
408,"Electrical and electronics installers and repairers, transportation equipment",3.8189533239999998,
409,"Electrical and electronics repairers, industrial and utility",3.8910840060000003,
410,"Electronic equipment installers and repairers, motor vehicles",1.8538884519999999,
411,Electronic home entertainment equipment installers and repairers,4.28449856,
412,Security and fire alarm systems installers,2.181582547,
413,Aircraft mechanics and service technicians,4.729440899,
414,Automotive body and related repairers,1.766565736,
415,Automotive glass installers and repairers,2.386737173,
416,Automotive service technicians and mechanics,1.208088244,77.23668075
417,Bus and truck mechanics and diesel engine specialists,1.008120362,
418,Heavy vehicle and mobile equipment service technicians and mechanics,1.502015424,
419,Small engine mechanics,0.943282865,
420,"Miscellaneous vehicle and mobile equipment mechanics, installers, and repairers",1.808457296,
421,Control and valve installers and repairers,3.8786764710000003,
422,"Heating, air conditioning, and refrigeration mechanics and installers",1.492891789,
423,Home appliance repairers,4.55073454,
424,Industrial and refractory machinery mechanics,3.205618465,84.33586653
425,"Maintenance and repair workers, general",2.7585120880000003,79.93645433
426,"Maintenance workers, machinery",5.011406844,
427,Millwrights,1.6655491480000002,
428,Electrical power-line installers and repairers,0.9803090659999999,
429,Telecommunications line installers and repairers,3.952899589,
430,Precision instrument and equipment repairers,10.91482917,
431,"Coin, vending, and amusement machine servicers and repairers",13.02658872,
432,Commercial divers,4.597701149,
433,Locksmiths and safe repairers,6.27015932,
434,Manufactured building and mobile home installers,0.0,
435,Riggers,1.327564166,
436,Signal and track switch repairers,1.310237619,
437,"Helpers--installation, maintenance, and repair workers",3.362111904,
438,"Other installation, maintenance, and repair workers, including wind turbine service technicians",5.23015311,84.91750227
439,"Production, Transportation, and Material Moving Occupations",20.16880455,69.5
440,Production Occupations,26.51581085,69.1
441,First-line supervisors of production and operating workers,19.05107893,73.47319099
442,"Aircraft structure, surfaces, rigging, and systems assemblers",17.91378989,
443,"Electrical, electronics, and electromechanical assemblers",49.02336342,85.36178534
444,Engine and other machine assemblers,15.38258807,
445,Structural metal fabricators and fitters,3.538047885,
446,Miscellaneous assemblers and fabricators,36.98184557,84.73901592
447,Bakers,54.02813558,91.70508626
448,"Butchers and other meat, poultry, and fish processing workers",21.46092139,81.9243964
449,"Food and tobacco roasting, baking, and drying machine operators and tenders",26.8806191,
450,Food batchmakers,55.70805136,79.26046526
451,Food cooking machine operators and tenders,49.95184591,
452,"Food processing workers, all other",33.75687481,87.08703478
453,Computer control programmers and operators,8.823771892,78.86849007
454,"Extruding and drawing machine setters, operators, and tenders, metal and plastic",13.19399086,
455,"Forging machine setters, operators, and tenders, metal and plastic",2.341026067,
456,"Rolling machine setters, operators, and tenders, metal and plastic",27.49156355,
457,"Cutting, punching, and press machine setters, operators, and tenders, metal and plastic",16.88214785,90.55777133
458,"Drilling and boring machine tool setters, operators, and tenders, metal and plastic",16.30256049,
459,"Grinding, lapping, polishing, and buffing machine tool setters, operators, and tenders, metal and plastic",9.79424296,
460,"Lathe and turning machine tool setters, operators, and tenders, metal and plastic",10.85899514,
461,"Milling and planing machine setters, operators, and tenders, metal and plastic",16.01779755,
462,Machinists,4.324196995,68.02223212
463,"Metal furnace operators, tenders, pourers, and casters",12.27835396,
464,"Model makers and patternmakers, metal and plastic",13.93826006,
465,"Molders and molding machine setters, operators, and tenders, metal and plastic",16.80850437,77.68568526
466,"Multiple machine tool setters, operators, and tenders, metal and plastic",10.15736767,
467,Tool and die makers,1.4840750390000002,
468,"Welding, soldering, and brazing workers",5.466336661000001,76.27422124
469,"Heat treating equipment setters, operators, and tenders, metal and plastic",5.236329935,
470,"Layout workers, metal and plastic",12.33321313,
471,"Plating and coating machine setters, operators, and tenders, metal and plastic",9.112859257,
472,"Tool grinders, filers, and sharpeners",3.389830508,
473,"Metal workers and plastic workers, all other",20.96276241,79.17709807
474,Prepress technicians and workers,42.46814453,73.7362558
475,"Printing workers, except prepress technicians and workers",20.68211769,70.74732745
476,Laundry and dry-cleaning workers,59.58883463,79.57822976
477,"Pressers, textile, garment, and related materials",57.07122182,71.60160498
478,Sewing machine operators,70.14077988,88.76096709
479,Shoe and leather workers and repairers,26.89896311,
480,Shoe machine operators and tenders,64.35551419,
481,"Tailors, dressmakers, and sewers",69.85214569,66.25490521
482,Textile bleaching and dyeing machine operators and tenders,31.199351699999998,
483,"Textile cutting machine setters, operators, and tenders",48.030328000000004,
484,"Textile knitting and weaving machine setters, operators, and tenders",51.27341329,
485,"Textile winding, twisting, and drawing out machine setters, operators, and tenders",60.39419087,
486,Fabric and apparel patternmakers,82.59224219,
487,Upholsterers,15.86598426,
488,"Miscellaneous textile, apparel, and furnishings workers, including extruding and forming machine setters, operators, and tenders, synthetic and glass fibers",41.33091149,
489,Cabinetmakers and bench carpenters,6.413296299,
490,Furniture finishers,19.290104100000004,
491,"Sawing machine setters, operators, and tenders, wood",11.34227928,
492,"Woodworking machine setters, operators, and tenders, except sawing",20.08560866,
493,"Miscellaneous woodworkers, including model makers and patternmakers",8.819766159,
494,"Power plant operators, distributors, and dispatchers",7.775069147999999,
495,Stationary engineers and boiler operators,2.51832245,
496,Water and wastewater treatment plant and system operators,4.152734883,
497,Miscellaneous plant and system operators,5.957741599999999,
498,"Chemical processing machine setters, operators, and tenders",9.720449586,
499,"Crushing, grinding, polishing, mixing, and blending workers",12.3660471,77.56975037
500,Cutting workers,19.05215111,82.39197434
501,"Extruding, forming, pressing, and compacting machine setters, operators, and tenders",15.89249197,
502,"Furnace, kiln, oven, drier, and kettle operators and tenders",15.99577289,
503,"Inspectors, testers, sorters, samplers, and weighers",37.84718783,68.40460806
504,Jewelers and precious stone and metal workers,32.92336802,64.32678665
505,"Medical, dental, and ophthalmic laboratory technicians",48.09221665,77.72612822
506,Packaging and filling machine operators and tenders,53.77302726,78.97486541
507,Painting workers,12.06594205,68.48460147
508,Photographic process workers and processing machine operators,45.26089173,70.12391739
509,Semiconductor processors,30.90178059,
510,Adhesive bonding machine operators and tenders,42.9563932,
511,"Cleaning, washing, and metal pickling equipment operators and tenders",23.72523118,
512,Cooling and freezing equipment operators and tenders,12.76326874,
513,Etchers and engravers,25.33813128,
514,"Molders, shapers, and casters, except metal and plastic",12.55261979,
515,"Paper goods machine setters, operators, and tenders",25.29142381,
516,Tire builders,8.212290503,
517,Helpers--production workers,18.94492509,
518,"Production workers, all other",26.16547409,72.79627947
519,Transportation and Material Moving Occupations,13.4,71
520,Transportation Occupations,9.850506125,75.5
521,Supervisors of transportation and material moving workers,20.03404238,75.93165964
522,Aircraft pilots and flight engineers,6.12708756,
523,Air traffic controllers and airfield operations specialists,17.67629595,
524,Flight attendants,70.69440823,71.95320499
525,"Ambulance drivers and attendants, except emergency medical technicians",17.1936569,
526,Bus drivers,36.30436644,76.72747087
527,Driver/sales workers and truck drivers,4.626799714,75.96795098
528,Taxi drivers and chauffeurs,12.11845299,87.07518023
529,"Motor vehicle operators, all other",15.03118735,
530,Locomotive engineers and operators,5.097395845,
531,"Railroad brake, signal, and switch operators",6.642274135,
532,Railroad conductors and yardmasters,5.97792555,
533,"Subway, streetcar, and other rail transportation workers",12.80339384,
534,Sailors and marine oilers,10.32173342,
535,Ship and boat captains and operators,4.460054867,
536,Ship engineers,10.34368804,
537,Bridge and lock tenders,8.813817627999999,
538,Parking lot attendants,13.05854578,
539,Automotive and watercraft service attendants,11.90701606,
540,Transportation inspectors,12.59300221,
541,"Transportation attendants, except flight attendants",51.87615468,
542,Other transportation workers,16.97852496,
543,Material Moving Occupations,18.8114642,79.2
544,Conveyor operators and tenders,22.13688728,
545,Crane and tower operators,2.8241335039999997,
546,"Dredge, excavating, and loading machine operators",1.4026280819999999,
547,Hoist and winch operators,3.420963937,
548,Industrial truck and tractor operators,7.187780414,99.89784863
549,Cleaners of vehicles and equipment,14.41710718,84.03319755
550,"Laborers and freight, stock, and material movers, hand",17.37668655,83.73217923
551,Machine feeders and offbearers,42.18482058,
552,"Packers and packagers, hand",56.0458488,83.98382359
553,Pumping station operators,3.1883316269999997,
554,Refuse and recyclable material collectors,9.696179224,
555,Mine shuttle car operators,1.3661202190000001,
556,"Tank car, truck, and ship loaders",1.024297284,
557,"Material moving workers, all other",14.78501545,
